manager,SchoolTool Manager
student000,Florian Hart
student001,Peg Jorgensen
student002,Sherm Sullivan
student003,Piotr Cooper
student004,Piotr Bradley
student005,Miriam Petersen
student006,Kimmy Ellis
student007,Emily Terry
student008,Rick Hunt
student009,Magnus Parks
student010,Ted Barrett
student011,Teddy Lynch
student012,Nicolas Marshall
student013,Sophie Dixon
student014,Kaylee Fernandez
student015,Katie Brown
student016,Bengie Grant
student017,Mary Pearson
student018,Lotte Renard
student019,Ana Norris
student020,Andrew Hill
student021,Al Pierce
student022,Lea Madsen
student023,Dylan Rhodes
student024,Olivia Levi
student025,Jill Jenkins
student026,Daniel Webb
student027,Christopher Richards
student028,Ashley Moore
student029,Hannah Andersen
student030,Lukas Harrison
student031,Wilma Vaughn
student032,Leonie Peters
student033,Erin Maes
student034,Alejandro Janssens
student035,Emily O'Connor
student036,Krzysztof Bishop
student037,Niklas Christensen
student038,Daan Terry
student039,Isabel Burke
student040,Dave Rodriquez
student041,Aoife Price
student042,Steph Graham
student043,Frederik Horton
student044,Elena Holland
student045,Camilla Reid
student046,Lewis Gregory
student047,Fabian Jackson
student048,Lu O'Reilly
student049,Matthew Jorgensen
student050,Hugo Andersen
student051,Liam Greene
student052,Tobias Beck
student053,Christopher Mitchell
student054,Theodore Bush
student055,Sammy Leclercq
student056,Alexis Levi
student057,Jim Miles
student058,Margaret Bowman
student059,Sherman Gallagher
student060,Frederik Nguyen
student061,Ivan Hernandez
student062,Mick Dubois
student063,Piotr Oliver
student064,Nicholas Stevens
student065,Eleanor Poulsen
student066,Johnny Mason
student067,Jose Morales
student068,Nicky Morrison
student069,Maximilian Kelly
student070,Joey Reed
student071,Steve Ferguson
student072,Vanessa Lane
student073,Marty Willis
student074,Hannah Hicks
student075,Daniel Rogers
student076,Alejandro Bishop
student077,Jeanette Nichols
student078,Geoff White
student079,Andrew Vargas
student080,Nick Kelly
student081,Nicolas Medina
student082,Ed Knight
student083,Cristian Fleming
student084,Kim Bishop
student085,Nicolas Lejeune
student086,Tyler Perry
student087,Nicolas Edwards
student088,Aoife Bailey
student089,Diego Shaw
student090,Madison Sanchez
student091,Jose Parker
student092,Max Nichols
student093,Daan White
student094,Herb Carter
student095,Scotty Patterson
student096,Geoffery Jorgensen
student097,Peggy Douglas
student098,Willy Stewart
student099,Maggie Jennings
student100,Nathan Bell
student101,Max Elliott
student102,Dick Vaughn
student103,Taylor O'Sullivan
student104,Tara Cook
student105,Emil Mortensen
student106,Chuck Lambert
student107,Tobias Gomez
student108,Jo Renard
student109,Cecilie Ellis
student110,Jeanette Harper
student111,Joanne Simon
student112,Elena Powell
student113,Bram Wright
student114,Scotty Sullivan
student115,Eleanor West
student116,Klara White
student117,Gillian Davies
student118,Sergio Sanchez
student119,Christian Alexander
student120,Nicky Spencer
student121,Freja Lawson
student122,Sammy Rogers
student123,Jesse Garza
student124,Carla Mueller
student125,Edward Beck
student126,Madison Bishop
student127,Sean Greene
student128,Joe Morales
student129,Helen Douglas
student130,Janet Fletcher
student131,Tim Willis
student132,Francisco Taylor
student133,Margarita Cooper
student134,Sem Castro
student135,Oscar Ellis
student136,Nathan Powell
student137,Philippa Santiago
student138,David Rhodes
student139,Emil Williams
student140,Harry Campbell
student141,Samantha Chavez
student142,Ashley Sullivan
student143,Stanislaw Cox
student144,Jose Christiansen
student145,Agnieszka Hamilton
student146,Theodore Gibson
student147,Caroline Soto
student148,Andrzej Carlson
student149,Margaret Dumont
student150,Ciara Cooper
student151,Mick Ramirez
student152,Isabel Moreno
student153,Cath Newman
student154,Bill Andersen
student155,Florian Santiago
student156,Kaylee Lynch
student157,Charles Fowler
student158,Nicholas Mason
student159,Hugo Craig
student160,Jim Pearson
student161,Andrzej Graham
student162,Lu Kelly
student163,Jace Castillo
student164,Pete Phillips
student165,Christopher Olsen
student166,Daniela Schulz
student167,Katarzyna O'Connor
student168,Mary Robinson
student169,Dave King
student170,Eleanor Johansen
student171,Amy Harper
student172,Albert Ellis
student173,Camila Gutierrez
student174,Nate Simon
student175,Bess Jensen
student176,Trevor O'Reilly
student177,Cathy Boyd
student178,Cathy Stephens
student179,Camilla Maes
student180,Victor Mortensen
student181,Ted Hart
student182,Javier Harris
student183,Betty Bryant
student184,Willy Weber
student185,Carolina O'Brien
student186,Carlos Nguyen
student187,Stephen Rhodes
student188,Thelma Ortiz
student189,Camilla Evans
student190,Bess Alexander
student191,Stephanie Gonzales
student192,Andrzej Olsen
student193,Cristian Burton
student194,Alvaro Reynolds
student195,Zoe Becker
student196,Nerea Ryan
student197,Jamie Stephens
student198,Claudia West
student199,Milan Hanson
student200,Dorothy Santos
student201,Megan Montgomery
student202,Isak Hart
student203,Lea Rasmussen
student204,Hugo Armstrong
student205,Lea Bryant
student206,Drew Arnold
student207,Christopher Brown
student208,Marcin Marshall
student209,Sam Price
student210,Wilma Sutton
student211,Ainhoa Burke
student212,Vanessa Garza
student213,Iris Hawkins
student214,Janet Carroll
student215,Leonie Lee
student216,Katie Garrett
student217,Zofia Nguyen
student218,Isabelle Fox
student219,Michael Hill
student220,Lea Hunt
student221,Luca Carter
student222,Jeffery Holt
student223,Lizzy Murray
student224,Ross Turner
student225,Lotte Carter
student226,Rachel Renard
student227,Eleanor Lowe
student228,Andy Alvarez
student229,Ashley Martin
student230,Amy Thompson
student231,Piotr Fuller
student232,Jozef Ferguson
student233,Trevor Wade
student234,Sara Coleman
student235,Viktor Gallagher
student236,Tony Cox
student237,Betty Porter
student238,Theodore Lowe
student239,Theodore Nielsen
student240,John Cole
student241,Theodore Olson
student242,Jaclyn Griffin
student243,Lara Gilbert
student244,Louise Hopkins
student245,Liam Cooper
student246,Lukas Cruz
student247,Karin Chambers
student248,Edwyn King
student249,Pedro Holland
student250,Hannah West
student251,Katharina Ortiz
student252,Amy Ramirez
student253,Benjamin Wilson
student254,Ashley Hall
student255,Frederik Lane
student256,Liam O'Doherty
student257,Theodore Rodriguez
student258,Pedro Peterson
student259,Jane Howell
student260,Anne Curry
student261,Sam Schneider
student262,Nigel Diaz
student263,Lizzy Hoffman
student264,Cath Parker
student265,Chloe Ortiz
student266,Ruth Neal
student267,Hiram O'Sullivan
student268,Amber Mendoza
student269,Nicholas Carr
student270,Andrzej Nelson
student271,Tyler Ortiz
student272,Sydney Gregory
student273,Simon Dubois
student274,Mikkel Fischer
student275,Nathan Edwards
student276,Alexander Foster
student277,Tara Bates
student278,Jozef Johnson
student279,Femke Daniels
student280,Kim Cunningham
student281,Milan Holland
student282,Tomasz Wagner
student283,Lara Reyes
student284,Iris Montgomery
student285,Ashley Foster
student286,Nathan Nichols
student287,Charlie Rasmussen
student288,Joe Graham
student289,Charles Black
student290,Linnea Hansen
student291,Isaac Owens
student292,Jim Day
student293,Pedro Quinn
student294,Bill Goossens
student295,Jose Laurent
student296,Lucia Sims
student297,Sophie Hayes
student298,Jessica Neal
student299,Alvaro Gonzalez
student300,Victor Fleming
student301,Lucas King
student302,Camila Fischer
student303,Fabian Long
student304,Piotr Hunter
student305,Sam De los Santos
student306,Paula Christensen
student307,Cecilie Watson
student308,Charles Simon
student309,Lauren Ramos
student310,Andy Porter
student311,Lewis De los Santos
student312,Daniel Johnston
student313,Katharina Nichols
student314,Kay Turner
student315,Samantha Garcia
student316,Ewa Santiago
student317,Andrea Nielsen
student318,Sam Garcia
student319,Matthew Crawford
student320,Florian Baker
student321,Lukas O'Sullivan
student322,Willy Lambert
student323,Sid Holmes
student324,Leon Fields
student325,Christian Montgomery
student326,Joe Hunter
student327,Jean Mortensen
student328,Tom Watts
student329,Marta George
student330,Nicky O'Doherty
student331,Charles Ryan
student332,Dick Edwards
student333,Lotte Baker
student334,Trevor Jones
student335,Lea Vargas
student336,Kayleigh Mercado
student337,Scotty Phillips
student338,Mario Beck
student339,Jaclyn Evans
student340,Albert Sutton
student341,Rich Sutton
student342,Margaret Garrett
student343,Pip Jorgensen
student344,Alejandro Herrera
student345,Anthony Peterson
student346,Zoe Moore
student347,Dylan Hamilton
student348,Joshua Hunter
student349,Maximilian Dixon
student350,Herb Foster
student351,Niklas Larsen
student352,Scottie Janssens
student353,Lara De los Santos
student354,Jeffery Schneider
student355,Sharon Peterson
student356,Gill Reyes
student357,Bengie Matthews
student358,Cathy Williamson
student359,Mathias Foster
student360,Rick Fletcher
student361,Isaac Anderson
student362,Elena Watts
student363,Jose Butler
student364,Filip Arnold
student365,Scotty Hamilton
student366,Phil Wright
student367,Drew Carroll
student368,Drew Schulz
student369,Elin Becker
student370,Joey Lawson
student371,Alvaro Harris
student372,Annie Brewer
student373,Ricky Price
student374,Cameron Christensen
student375,Dylan Morrison
student376,Geoffery Boyd
student377,Sherm Evans
student378,Edward Harper
student379,Ida Torres
student380,Drew Meyer
student381,Bram Russell
student382,Jeanette Payne
student383,Gabbie Curtis
student384,Mads King
student385,Manuel Smith
student386,James White
student387,Rick Willems
student388,Leonie Christiansen
student389,Ashley Peterson
student390,Patricia Brewer
student391,Scottie Dawson
student392,Peggy Dumont
student393,Jack Holt
student394,Hugo Larsen
student395,Kayleigh Mills
student396,Ricky Robinson
student397,Cian Willems
student398,Vanessa Thomas
student399,Kaylee Schmidt
student400,Ted Schultz
student401,Sophie Tucker
student402,Pip Hardy
student403,Mads Rogers
student404,Mathilde Tucker
student405,Steph Garrett
student406,Iris Hart
student407,Ross Horton
student408,Hanna Cunningham
student409,Rasmus Palmer
student410,Liam Torres
student411,Betty Santos
student412,Philip Jimenez
student413,Bill Weber
student414,Leah Willems
student415,Liam Vaughn
student416,Chloe Boyd
student417,Isak Anderson
student418,Rolla Pedersen
student419,Syd Walker
student420,Sophie Thompson
student421,Katarzyna Vasquez
student422,Adam Mckinney
student423,Samantha Gibson
student424,Ivan Henderson
student425,Sergio Herrera
student426,Elzbieta Lawrence
student427,Ollie Jenkins
student428,Joe Wood
student429,Cameron Pierce
student430,Vanessa Harrison
student431,Betty Morgan
student432,Sean Flores
student433,Lizzy Alvarez
student434,Catharine Tucker
student435,Lu Vaughn
student436,Joey Hanson
student437,Megan Lopez
student438,Susan Bennett
student439,Leah May
student440,Cath Crawford
student441,Ewa Morales
student442,Megan Doyle
student443,William O'Reilly
student444,Sydney Davies
student445,Daan Wells
student446,Jane Campbell
student447,Klara Perez
student448,Emil Mortensen
student449,Juana Horton
student450,Georgina Spencer
student451,Matthew Richards
student452,Adam Foster
student453,Lauren Welch
student454,Carolina Mercado
student455,Amber Wilson
student456,Theodore Little
student457,Drew Doyle
student458,Sylvia Weaver
student459,Mathias Sanchez
student460,Christian Pierce
student461,Sem Powell
student462,Bengie Crawford
student463,Ed Dunn
student464,Trevor Little
student465,Duncan Lawson
student466,Rick Hansen
student467,Sydney Morgan
student468,Miriam McCarthy
student469,Stanislaw Weber
student470,Miriam Jennings
student471,Nicolas Mckinney
student472,Harry Poulsen
student473,Edwyn Hudson
student474,Marcin Ramos
student475,Mathilde Watson
student476,Elena Meyer
student477,Will Andrews
student478,Jozef Willis
student479,Jean Franklin
student480,Trevor Hoffmann
student481,Maggie Olsen
student482,Stephanie Young
student483,Sofia Jackson
student484,Ted Bennett
student485,Katie Garza
student486,Alva Rice
student487,Sylvia Stewart
student488,Mathias Fowler
student489,Florian Lane
student490,Lena Wells
student491,Tom Chambers
student492,Ana Mortensen
student493,Ruth Sims
student494,Bob Collins
student495,Linnea Hamilton
student496,Nerea Patterson
student497,Mario Fleming
student498,Hugo Cooper
student499,Simon Mendez
student500,Leonie Mcdaniel
student501,Tim Doyle
student502,Margaret Duncan
student503,Alice Cohen
student504,Alba Powell
student505,Sharon Byrne
student506,Joanne Byrd
student507,Maggie O'Reilly
student508,Ciara Knudsen
student509,Harold Rose
student510,Ruth Martinez
student511,Maja Curry
student512,Hank Turner
student513,Daan Laurent
student514,Maria Howard
student515,Erik Robertson
student516,Alice Holmes
student517,Lucy Allen
student518,Jan Sullivan
student519,Erik Walsh
student520,Laura Peters
student521,Juana Moreno
student522,Carlos Davidson
student523,Margaret Dean
student524,Magnus Daniels
student525,Karin Matthews
student526,Lincoln Ford
student527,Dick Dixon
student528,Lewis Tucker
student529,Thomas Gonzales
student530,Emily Jimenez
student531,Herb Chapman
student532,Vanessa Miller
student533,Helen Ferguson
student534,Tommy Byrne
student535,Gill Carroll
student536,Jace Bell
student537,Sue Snyder
student538,Raul Jensen
student539,Amy Harvey
student540,Diego Reid
student541,Thomas Barnett
student542,Ada Neal
student543,Thelma Garcia
student544,Joey Graves
student545,Ewa Gibson
student546,Elena Andrews
student547,Ted Johansen
student548,Sanne Laurent
student549,Ana Davis
student550,Jeanette Schulz
student551,Sara Stone
student552,Al Riley
student553,Nerea Patterson
student554,Ricky Romero
student555,Liza Gutierrez
student556,Nicolas Austin
student557,Emily Fisher
student558,Juan Roberts
student559,Iris Russell
student560,Henry Weaver
student561,Wilma Soerensen
student562,Marcin De los Reyes
student563,Jacob Chambers
student564,Andrzej Kim
student565,Daan Collins
student566,Ann Silva
student567,Max Janssens
student568,Alice Gordon
student569,Malgorzata Ford
student570,Kaylee Jacobs
student571,Leon De los Reyes
student572,Miriam James
student573,Samantha Nguyen
student574,Diego May
student575,Juan Byrne
student576,Miriam Boyd
student577,Alice Douglas
student578,Camilla Brewer
student579,Nathan Hicks
student580,Paula Little
student581,Isaac Graham
student582,Leonie Lambert
student583,Julia Hicks
student584,Bengie Meyer
student585,Daniel Allen
student586,Luca Gonzalez
student587,Andrzej Gray
student588,Adam Oliver
student589,Benjy Baker
student590,Scott Long
student591,Sara Kim
student592,Hank Burton
student593,Oscar Dumont
student594,Anna Freeman
student595,Joshua Welch
student596,Tobias Frazier
student597,Benjamin Cruz
student598,Dylan Murray
student599,Liza Claes
student600,Sylvia Johansen
student601,Sid Butler
student602,Cristina Davies
student603,Philippa Douglas
student604,Ellie Hernandez
student605,Kay Chapman
student606,Scotty Watts
student607,Dick Mccoy
student608,Frederik Dunn
student609,Jesse Martin
student610,Ada Johnson
student611,Sally Simpson
student612,Dorothy Watts
student613,Dylan Newman
student614,Camilla Gonzalez
student615,Wilma Carlson
student616,Ross Washington
student617,Sue Hoffmann
student618,Mike Neal
student619,Trevor Byrd
student620,Phil Levi
student621,Katarzyna Bowman
student622,Shermie Ramos
student623,Sem Lane
student624,Albert Morgan
student625,Tomasz Poulsen
student626,Manuel Harris
student627,Andy Nguyen
student628,Stephen Fowler
student629,Jaclyn Doyle
student630,Gill Ferguson
student631,Alice Carpenter
student632,Paul O'Neill
student633,Kimberly Cole
student634,Betty Wood
student635,Francisco Nguyen
student636,Ciara Walker
student637,Tara Hardy
student638,Paul Christensen
student639,Malgorzata Laurent
student640,Katarzyna Butler
student641,Louise Richards
student642,Luca Turner
student643,Nicholas Payne
student644,Klara Black
student645,Jaclyn Austin
student646,Jamie Alvarez
student647,Emil Olson
student648,Bob Rhodes
student649,Ewa Jacobs
student650,Catharine Nelson
student651,Elzbieta Hernandez
student652,Tim Leclercq
student653,Emil Black
student654,Hugo Meyer
student655,Sophie Hayes
student656,Richard Mendoza
student657,Ellie Hunter
student658,Vanessa Fields
student659,Dorothy Crawford
student660,Margaret Shelton
student661,Samuel Kennedy
student662,Alejandro Simmons
student663,Philip Martinez
student664,Leonie Shaw
student665,Lucy Holmes
student666,Isabel Hunt
student667,Jean Murray
student668,Adrian Berry
student669,Edward Hall
student670,Dorothy Watts
student671,Ed Craig
student672,Olivia Jennings
student673,Sherman Petersen
student674,Gabrielle Horton
student675,Georgina Phillips
student676,Fabian Owens
student677,William Howard
student678,Cristina Bowman
student679,Kimmy Mertens
student680,Joseph Gonzalez
student681,Margarita Dupont
student682,Sally Fields
student683,Kaylee Mitchell
student684,Rob Nichols
student685,Jesse Hamilton
student686,Emily Woods
student687,Ryan Gomez
student688,Erin Hunter
student689,Charlotte Day
student690,Ryan Gonzales
student691,Ollie Vasquez
student692,Rob Weber
student693,Jaclyn Knudsen
student694,Jorge Chapman
student695,Ada O'Connor
student696,Elizabeth Ward
student697,Edwyn De los Reyes
student698,Femke Carr
student699,Caitlin Herrera
student700,Alba Powell
student701,Zoe Palmer
student702,Francisco Carlson
student703,Lotte Stevens
student704,Marty Fuller
student705,Krystyna Hansen
student706,Anton Hernandez
student707,Lucas Leclercq
student708,Alvaro Parks
student709,Lukas Owens
student710,Herb Hoffman
student711,Jean Carr
student712,Alice Jimenez
student713,Elin Graves
student714,Anna Pearson
student715,Jim Martin
student716,Andrzej Cohen
student717,Femke Lim
student718,Louise Gilbert
student719,Diego Burton
student720,Frederik Snyder
student721,Ed Watkins
student722,Al Coleman
student723,Benjy Gardner
student724,Philippa Gallagher
student725,Pawel Holmes
student726,Phil Stanley
student727,Marcin Howell
student728,Laura Martinez
student729,Stanislaw Roberts
student730,Eleanor Day
student731,Cristian Schulz
student732,Iris Hansen
student733,Karen Steele
student734,Ann Dubois
student735,Viktor Dunn
student736,Sally Santos
student737,Ashley Barnett
student738,Samuel Dunn
student739,Vanessa Bush
student740,Kimberly Mitchell
student741,Dorothy Petersen
student742,Ross Torres
student743,Nick Ramos
student744,Javier Simmons
student745,Olivia Coleman
student746,Adam Frazier
student747,Margaret Rose
student748,Sophia Reyes
student749,Aoife Bush
student750,Joseph Carroll
student751,Freja Boyd
student752,Lisa Ramos
student753,Sem Cruz
student754,Florian Riley
student755,Leah Jorgensen
student756,Chuck Olsen
student757,Marek Shaw
student758,Lisa Steele
student759,Marta Dixon
student760,Sem Marshall
student761,Duncan Norris
student762,Dylan Montgomery
student763,Wilma Wagner
student764,Elizabeth Reid
student765,Anton Sullivan
student766,Javier Jackson
student767,Manuel Reed
student768,Steve Becker
student769,David McCarthy
student770,Dorothy Simon
student771,Rolla Madsen
student772,Duncan Little
student773,Catherine Wallace
student774,Klara Stevens
student775,Ainhoa Holland
student776,Femke Fields
student777,Florian Quinn
student778,Julian Richardson
student779,Mikkel Matthews
student780,Leon Thomas
student781,Ida Gutierrez
student782,Lucille Day
student783,Hugo Little
student784,Alice Byrne
student785,Nick Brown
student786,Trevor Robinson
student787,Lara Carroll
student788,Pawel Bradley
student789,Izzy Pierce
student790,Filip Shelton
student791,Bob Herrera
student792,Simon Gordon
student793,Ainhoa Wilson
student794,Emma Anderson
student795,Javier De la Cruz
student796,Martin Lynch
student797,Shermie Walker
student798,Henry Lee
student799,Julian Harper
student800,Isaac Spencer
student801,Jaclyn Wright
student802,Richard Franklin
student803,Isaac Claes
student804,Zoe Brooks
student805,Zoe Johnson
student806,Eleanor Carr
student807,Richard George
student808,Ryan Maes
student809,Sharon Kristensen
student810,Alexander Hunt
student811,Camilla Campbell
student812,Hannah Flores
student813,Marcin Fletcher
student814,Charles Pearson
student815,Gillian Wood
student816,Elzbieta Cohen
student817,Jacob Simmons
student818,Marty Stanley
student819,Charles Shaw
student820,Nathan Terry
student821,Megan Gonzales
student822,Jose Dupont
student823,Maria Marshall
student824,John Curtis
student825,Willy Herrera
student826,Tobias Richardson
student827,Betty Tucker
student828,Jozef Olson
student829,Hiram Santiago
student830,Ryan Craig
student831,Emma Wagner
student832,Andrea Santiago
student833,Kimmy Shaw
student834,Sanne Parker
student835,Jace Tan
student836,Louise Carlson
student837,Pablo West
student838,Louise Holmes
student839,Annie George
student840,Godfrey Butler
student841,Matthew Castro
student842,Isabelle Rice
student843,Olivia Jones
student844,Charles George
student845,Sue Weber
student846,Lara Hawkins
student847,Bill Larsen
student848,Herb Laurent
student849,Vanessa Byrne
student850,Henry Foster
student851,Lu Frazier
student852,Dorothy Schmidt
student853,Maja Crawford
student854,Sem Rodriquez
student855,Tim Hunter
student856,Cathy Hall
student857,Alejandro Olson
student858,Herb Rodriguez
student859,Camila Duncan
student860,Aoife Jordan
student861,Anna Hall
student862,Oscar Ortiz
student863,Lea Morales
student864,Claudia Lawson
student865,Maja Franklin
student866,Caroline Wood
student867,Jace Mason
student868,Bram Diaz
student869,Maximilian Martinez
student870,Matt Wells
student871,Christian Bates
student872,Max Thompson
student873,Pedro O'Neill
student874,Wilma Dunn
student875,Chuck Black
student876,Christian Scott
student877,Peg Barnett
student878,Lena Lim
student879,Liza Little
student880,Jane Curtis
student881,Peter Hansen
student882,Al Woods
student883,Tara Torres
student884,Lu Smith
student885,Jacob Long
student886,Phil Tucker
student887,Hugo Byrne
student888,Rob Scott
student889,Susan Pedersen
student890,Zoe Poulsen
student891,Kay Russell
student892,Hugo Morales
student893,Katharina Grant
student894,Carla Pierce
student895,Marcin Spencer
student896,Cameron Laurent
student897,Lotte Stone
student898,Anthony Kim
student899,Lara Greene
student900,Joe Carpenter
student901,Femke Nguyen
student902,Lucia Tucker
student903,Gabrielle Boyd
student904,Rob Frazier
student905,Hiram Moore
student906,Edwyn Burke
student907,Philippa Woods
student908,Fabian Garcia
student909,Richard Gregory
student910,Julian Schultz
student911,Jamie Bush
student912,Gabrielle Bennett
student913,Rachel Green
student914,Tony Hopkins
student915,Malgorzata Foster
student916,Elizabeth Elliott
student917,Leah Morales
student918,Sergio Burke
student919,Vanessa Willis
student920,Julia Peters
student921,James Torres
student922,Andrew Kennedy
student923,Lewis Greene
student924,Manuel Clark
student925,Tom Hall
student926,Andrew Richards
student927,Jean Elliott
student928,Niklas Turner
student929,Sophie Gibson
student930,Gabbie Larsen
student931,Filip Simon
student932,Kimberly Harris
student933,Jaclyn Hunt
student934,George Walsh
student935,Niklas Brown
student936,Femke Wouters
student937,Miriam Morales
student938,Steve Barker
student939,Zofia Cox
student940,Rolla Jenkins
student941,Theodore Jacobs
student942,Jill Griffin
student943,Ben Sanchez
student944,Elizabeth Carter
student945,Jonas Morris
student946,Daan Burke
student947,Patricia Cunningham
student948,Dave Owens
student949,George Morales
student950,Duncan Schultz
student951,Helen Curtis
student952,Sammy Woods
student953,Mary Perry
student954,Liza Montgomery
student955,Rosa Fox
student956,Sue Webb
student957,Steve Shelton
student958,Ricky Turner
student959,Jozef Mitchell
student960,Jessica Arnold
student961,Carolina Mcdonald
student962,Gillian Crawford
student963,Piotr Ray
student964,Madison Gregory
student965,Caitlin Williams
student966,Sam Holland
student967,Sylvia Edwards
student968,Patricia Mitchell
student969,Iris Grant
student970,Herb Porter
student971,Matt Maes
student972,Alexis Walker
student973,Nick Day
student974,George Weber
student975,Ada Madsen
student976,Lauren Ferguson
student977,Izzy Hernandez
student978,David Austin
student979,Ricky Norris
student980,Conor Thomsen
student981,Lucille Watson
student982,Amber Simpson
student983,Andrew Rasmussen
student984,Cathy Reyes
student985,Ed Thomas
student986,Jill Gordon
student987,Andrzej Stanley
student988,Javier Rose
student989,Tobias Dean
student990,Michael Black
student991,Stephen Hughes
student992,Isabelle King
student993,Ross Sanders
student994,Lea Andrews
student995,Elzbieta Gardner
student996,Tommy Riley
student997,Jaclyn Vaughn
student998,Conor Barnett
student999,Juan Curtis
teacher000,Lu Russell
teacher001,Nathan Alvarez
teacher002,Sophia Castro
teacher003,Zofia Leclercq
teacher004,Will De los Santos
teacher005,Lewis Pena
teacher006,Florian Mitchell
teacher007,Hank Anderson
teacher008,Ellie Harper
teacher009,Lucille Gomez
teacher010,Isabel Walsh
teacher011,Herbert Dawson
teacher012,Andrea Marshall
teacher013,Syd Montgomery
teacher014,Sharon Hayes
teacher015,Victor Daniels
teacher016,Bill Horton
teacher017,Emily Carpenter
teacher018,Jorge Chambers
teacher019,Lucille Sims
teacher020,Sofia Hansen
teacher021,Bert Spencer
teacher022,Piotr Lucas
teacher023,Alejandro Davies
teacher024,Cecilie Walsh
teacher025,Edward Romero
teacher026,Scott Bennett
teacher027,Elena Weaver
teacher028,Marie Mitchell
teacher029,Peter Weaver
teacher030,Magnus Stephens
teacher031,Cristian Simpson
teacher032,Rob De la Cruz
teacher033,Sharon Payne
teacher034,Daan Diaz
teacher035,Pete Alexander
teacher036,Susan Walker
teacher037,Marta Weaver
teacher038,Sid Bennett
teacher039,Leah Barrett
teacher040,Gill Powers
teacher041,Jean Norris
teacher042,Christian Romero
teacher043,Jo Santiago
teacher044,Niklas Levi
teacher045,Katharina O'Sullivan
teacher046,Helen Knudsen
teacher047,Amber Goossens
